unit,group,n_periods,observed,expected_mean,expected_lower_95,expected_upper_95,excess_mean,excess_lower_95,excess_upper_95,excess_pct_mean,excess_pct_lower_95,excess_pct_upper_95
Texas,total,11,715261.0,689238.4403884263,683393.1604289627,695113.9632463196,24847.157956228762,17739.741948212883,31589.484483956498,3.606813947230719,2.560400797485779,4.618385017391677
Kentucky,total,6,51888.0,51055.986442832014,50638.615229229246,51492.87590819657,761.0216581014989,73.74386019296709,1480.5680507979587,1.4923900419113958,0.14348332596567984,2.921729671668973
Idaho,total,5,18882.0,18561.836556909362,18305.620491835663,18790.83951029161,274.08953886144593,-30.184664636076555,584.1842366319817,1.4797452125547996,-0.16044962825362938,3.1794483971197365
Tennessee,total,5,69577.0,68665.78600967643,68109.08602447202,69254.25006473408,832.0278595578826,-102.91442451991315,1673.3834929141797,1.213255793160971,-0.1495953022888999,2.4457406465679594
Georgia,total,4,84997.0,84253.14787576385,83534.72545318819,84937.49291077271,693.1235266037037,-341.74716602378066,1737.7305787073262,0.8242564343833371,-0.4030041465399026,2.0730131866648014
Oklahoma,total,6,47828.0,47529.00088686081,47073.479026960274,47995.92006046958,317.44539840463665,-320.10407294627674,946.2711688561594,0.6698697265912419,-0.6702047460071217,2.0004140319100556
South Dakota,total,6,11179.0,11111.262670672882,10947.509767518368,11268.818476925411,73.46132158038834,-137.51257616211845,292.5025449866032,0.6646130330457102,-1.23306937283019,2.6617410937370587
Wisconsin,total,6,59623.0,59317.67102074185,58805.751052772524,59837.93989532741,316.5294283967846,-475.48155399845797,1107.141932183624,0.5353519553396885,-0.7974195136286033,1.882437195269032
Louisiana,total,6,54772.0,54500.79630113879,53981.517923444604,55021.666859990655,277.5018306386665,-476.3156329000205,1039.8871428965247,0.511191631185054,-0.8697009932035745,1.9144122781910344
Alabama,total,6,57703.0,57520.76754319103,57012.0666040433,58044.09857325425,230.53946687286248,-481.77186595137283,948.5028632044844,0.402547761278084,-0.8324265686172724,1.6622990924074565
Mississippi,total,6,34393.0,34335.16539285155,33987.573020342126,34680.39464917046,83.42671185142102,-368.2340709638822,594.2827975221569,0.24499291585711447,-1.0639340379674969,1.738140821878899
Arkansas,total,6,35204.0,35179.698514219395,34822.2865969022,35535.58435100286,71.85713462398633,-502.1184435184916,550.5970570458843,0.20663309553105505,-1.416888121535509,1.581360448914418
West Virginia,total,5,13855.0,13989.892136922104,13810.699966004388,14156.47522456933,-61.938588000412636,-332.7194185869174,206.85132952355394,-0.43948063267134735,-2.3672617281771617,1.4833025125216306
Missouri,total,6,66965.0,67805.17313882978,67251.01169552165,68386.65009476362,-640.2117787468022,-1532.0063220221982,254.64363450980335,-0.9423897147957466,-2.241419179384083,0.3788571485859492
